byway %s — проверка окружения\n\n	byway %s — environment check\n\n
Система\n	System\n
\nЧего требует byway\n	\nWhat byway needs\n
\nНастройка\n	\nSetup\n
\nПерехват и соседние службы\n	\nInterception and other services\n
конфиг отвергнут ядром\n	the engine rejected the config\n
РАБОТАЕТ  выход %-16s %s с\n	WORKS     exit %-16s %s s\n
НЕ РАБОТАЕТ (код %s)\n	DOES NOT WORK (code %s)\n
    доменов в правиле: %s\n	    domains in the rule: %s\n
    подсетей:          %s\n	    subnets:             %s\n
конфиг      %s\n	config      %s\n
подключение автовыбор из %s ключей\n	connection  auto-select from %s keys\n
сейчас      %s\n	now         %s\n
xray        не запущен\n	xray        not running\n
память      %s МБ, предел %s\n	memory      %s MB, limit %s\n
не задан	not set
таблица nft %s\n	nft table   %s\n
fakeip      НЕ выдаётся на %s\n	fakeip      NOT issued for %s\n
ПРИНЯТ\n	ACCEPTED\n
ОТВЕРГНУТ\n	REJECTED\n
\n  всего в учёте %s доменов из %s в списке\n	\n  %s domains counted, out of %s in the list\n
service\twarn\tзапускается\n	service\twarn\tstarting\n
service\tok\tработает\n	service\tok\trunning\n
service\tfail\tне запущена\n	service\tfail\tnot running\n
vpn\tfail\tпроверять нечем\n	vpn\tfail\tnothing to check\n
tunnel\tfail\tпроверять нечем\n	tunnel\tfail\tnothing to check\n
dns\tfail\tпроверять нечем\n	dns\tfail\tnothing to check\n
vpn\tfail\tссылка не разобрана\n	vpn\tfail\tlink not parsed\n
vpn\tok\t%s мс\n	vpn\tok\t%s ms\n
vpn\twarn\t%s мс, медленно\n	vpn\twarn\t%s ms, slow\n
tunnel\tok\tтрафик проходит\n	tunnel\tok\ttraffic passes\n
tunnel\twarn\tсписок пуст\n	tunnel\twarn\tlist is empty\n
dns\tok\tотвечает\n	dns\tok\tanswers\n
ещё запускается	still starting
\n  \033[2mEnter — назад\033[0m	\n  \033[2mEnter — back\033[0m
\n  \033[1;32mприменено\033[0m — движок стартует до 15 секунд\n	\n  \033[1;32mapplied\033[0m — the engine needs up to 15 seconds to start\n
\n  \033[1;31mне применилось\033[0m — работает прежняя настройка\n	\n  \033[1;31mnot applied\033[0m — the previous settings stay in effect\n
подключение не настроено\n	no connection is set up\n
пока пусто\n	empty so far\n
пусто\n	empty\n
byway %s — раздельное туннелирование через VPN\n\n	byway %s — split tunnelling through a VPN\n\n
Команды:	Commands:
архитектура: %s	architecture: %s
свободно на флеше: %s МБ	free flash space: %s MB
модуль %s	module %s
нет модуля %s	no module %s
движок: %s (%s)	engine: %s (%s)
не найден Xray-core (%s)	Xray-core not found (%s)
есть %s	%s is present
нет %s	no %s
конфигурация %s	configuration %s
ключ задан, режим: %s	key is set, mode: %s
подключение	connection
ключ	key
правил firewall с меткой %s: %s	firewall rules with mark %s: %s
правил firewall с меткой byway: %s	firewall rules with the byway mark: %s
%s байт	%s bytes
служба: %s     режим: %s	service: %s     mode: %s
Русские сайты мимо VPN: %s	Russian sites bypass the VPN: %s
Автозапуск: %s	Autostart: %s
byway: неизвестная команда «%s». Список: byway\n	byway: unknown command "%s". For the list of commands: byway\n
транспорт   %s / %s%s\n	transport   %s / %s%s\n
ключ        %s\n	key         %s\n
свой конфиг	custom config
ВНИМАНИЕ    конфиг собран для другого режима, пересобрать: byway gen\n	WARNING     config was built for another mode, rebuild it: byway gen\n
движок      %s\n	engine      %s\n
в tproxy    %s пакетов\n	in tproxy   %s packets\n
последний раз	last seen
не запущена	not running
всё через VPN	everything through the VPN
по спискам	by lists
  Ключ никуда не отправляется и в журнал не пишется.\n\n	  The key is not sent anywhere and is not written to the log.\n\n
  \033[1;32mключ принят\033[0m\n	  \033[1;32mkey accepted\033[0m\n
  \033[1;31mключ не разобран\033[0m, вот что говорит проверка:\n\n	  \033[1;31mkey not parsed\033[0m, here is what the check says:\n\n
\n  Ключи выше. Вписать нужный — пункт 2.\n	\n  The keys are listed above. To use one, pick item 2.\n
  Сейчас: \033[1m%s\033[0m\n\n	  Now: \033[1m%s\033[0m\n\n
  Через VPN пойдёт весь трафик, включая загрузки и обновления.\n	  All traffic will go through the VPN, downloads and updates included.\n
  доменов %s, подсетей %s\n\n	  %s domains, %s subnets\n\n
\n  уже есть\n	\n  already there\n
\n  добавлено\n	\n  added\n
\n  убрано\n	\n  removed\n
\n  такой записи нет\n	\n  no such entry\n
\n  перезапущена\n	\n  restarted\n
  Туннеля не станет, интернет продолжит работать напрямую.\n	  The tunnel will be gone, the internet keeps working directly.\n
\n  остановлена\n	\n  stopped\n
\n  запущена\n	\n  started\n
\n  автозапуск выключен\n	\n  autostart off\n
\n  автозапуск включён\n	\n  autostart on\n
  Все настройки и списки одним текстом: перенести на другой\n	  All settings and lists as a single text: move them to another\n
  роутер, сохранить перед опытами, приложить к вопросу.\n\n	  router, save them before experimenting, attach them to a question.\n\n
  Настройки и списки будут заменены содержимым файла.\n	  Settings and lists will be replaced by the contents of the file.\n
  Прежние сохраняются в %s/before-import/\n\n	  The previous ones are kept in %s/before-import/\n\n
    проверка занимает несколько секунд…\n\n	    the check takes a few seconds…\n\n
НЕТ	NO
домен	domain
обращений	hits
работает	running
включено	on
выключено	off
включён	on
выключен	off
%s: записей %s, взяты первые %s — остальное отброшено	%s: %s entries, taking the first %s — the rest is dropped
выбран свой конфиг, но он пуст	a custom config is selected, but it is empty
ключ не задан	no key is set
неизвестный вид ссылки: %s	unknown link type: %s
vmess-ссылка не раскодировалась	the vmess link did not decode
параметр ссылки «%s» byway в конфиг не переносит — стоит проверить, важен ли он	byway does not carry link parameter "%s" into the config — worth checking whether it matters
протокол %s не собран	protocol %s is not built in
mkcp идёт поверх UDP, а в РФ UDP душат первым делом	mkcp runs over UDP, and in Russia UDP is the first thing throttled
header и seed у mkcp свежие Xray-core удалили (замена: finalmask/udp header-*, mkcp-original, mkcp-aes128gcm) -- оставлены как в ссылке; если движок их отвергнет, конфиг не заменится	recent Xray versions removed mkcp's header and seed (replacement: finalmask/udp header-*, mkcp-original, mkcp-aes128gcm) -- left as given in the link; if the engine rejects them, the config is not replaced
HTTP/2 из Xray-core удалён, замена: xhttp в режиме stream-one	HTTP/2 has been removed from Xray-core, replacement: xhttp in stream-one mode
QUIC из Xray-core удалён, замена: xhttp stream-one поверх H3; в РФ QUIC блокируют первым делом	QUIC has been removed from Xray-core, replacement: xhttp stream-one over H3; QUIC is the first thing blocked in Russia
allowInsecure=1: проверка сертификата сервера отключена, соединение можно подменить	allowInsecure=1: the server certificate is not verified, the connection can be spoofed
security=%s не поддержан	security=%s is not supported
flow=%s с транспортом %s не работает: Xray-core примет конфиг и сломается в бою	flow=%s does not work with transport %s: Xray-core will accept the config and break in use
mux отключён: он не сочетается с flow=%s (Vision делит поток сам)	mux off: it does not go together with flow=%s (Vision splits the stream itself)
mux отключён: у транспорта %s своё мультиплексирование, второй слой поверх только вредит	mux off: transport %s multiplexes on its own, a second layer on top only hurts
выбран автовыбор, но ни одного ключа не добавлено	auto-select is on, but no keys were added
ни один ключ не разобрался	none of the keys could be parsed
неизвестный пресет: %s	unknown preset: %s
%s: не скачался, остаётся прежняя копия	%s: did not download, the previous copy stays
%s: %s записей	%s: %s entries
  %s записей ЛЕЖАТ И В ХОСТЛИСТЕ ZAPRET — домен должен быть в одном месте:	  %s entries ARE ALSO IN THE ZAPRET HOSTLIST — a domain belongs in one place only:
  иначе одна сессия разъедется на два выхода: это видно не отказом, а сбоями при входе в аккаунт	  otherwise a single session splits between two exits: this shows up as sign-in failures, not as a refusal
окружение в порядке	the environment is fine
неисправностей: %s — способ лечения указан у каждой	problems: %s — each one has a suggested fix
журнал состояния очищен	the state log has been cleared
статистика использования очищена	the usage statistics have been cleared
журнал и статистика очищены	the log and the statistics have been cleared
byway export [файл] [--with-key]	byway export [file] [--with-key]
сюда писать нельзя: системные каталоги закрыты	cannot write there: system directories are closed
выгружено: %s (%s байт)	exported: %s (%s bytes)
ключ не записан — файл можно показывать кому угодно	the key was not written — this file is safe to show
в файле лежит ключ от VPN — никуда не выкладывать	the file holds the VPN key — do not publish it anywhere
byway import ФАЙЛ [--no-key]	byway import FILE [--no-key]
byway import ФАЙЛ [--no-key] — файл от byway export	byway import FILE [--no-key] — a file made by byway export
отсюда читать нельзя: системные каталоги закрыты	cannot read from there: system directories are closed
не читается: %s	cannot read: %s
это не выгрузка byway: в первой строке нет заголовка	this is not a byway export: the first line has no header
настройки неизвестны и пропущены:%s	unknown settings, skipped:%s
принято настроек: %s	settings accepted: %s
ключ оставлен прежний	the key was left as it was
в выгрузке ключ ЕСТЬ, но принят не был -- так велит --no-key (в панели это галочка «Оставить нынешний ключ»)	the export DOES have a key, but it was not taken -- that is what --no-key says (in the web UI it is the "Keep the current key" checkbox)
перезапуск службы — туннель прервётся на несколько секунд	restarting the service — the tunnel will drop for a few seconds
применено, служба перезапущена	applied, the service is restarted
применено. byway выключен настройкой -- включить: uci set byway.main.enabled=1 && uci commit byway	applied. byway is switched off in the settings -- turn it on: uci set byway.main.enabled=1 && uci commit byway
конфиг не собрался — прежние настройки возвращаются на место	the config did not build — the previous settings are put back
настройки из файла не приняты, прежние на месте	the settings from the file were not accepted, the previous ones are in place
ссылка не задана: передать аргументом либо записать в byway.main.node_url	no link given: pass it as an argument or write it into byway.main.node_url
другая сборка конфига не закончилась за 30 секунд	another config build did not finish within 30 seconds
xray не найден	xray not found
нет списка доменов %s	no domain list %s
нет списка подсетей %s — правило по адресам не будет создано	no subnet list %s — the address rule will not be created
движок: %s	engine: %s
записей отброшено как неподходящие: %s	entries dropped as unsuitable: %s
  причина: не похоже ни на домен (буквы, цифры, дефис и точки; последняя часть — не короче двух букв), ни на подсеть IPv4, либо длиннее 253 знаков	  reason: it looks neither like a domain (letters, digits, hyphen and dots; the last part at least two letters) nor like an IPv4 subnet, or it is longer than 253 characters
конфиг собран и проверен движком: %s (%s байт)	config built and verified by the engine: %s (%s bytes)
  доменов %s (свои %s + пресеты), подсетей %s	  %s domains (%s own + presets), %s subnets
  доменов %s, подсетей %s	  %s domains, %s subnets
  подключение: %s — Xray-core выбирает рабочий ключ по задержке	  connection: %s — Xray-core picks a working key by latency
  подключение: %s (%s:%s), транспорт %s, защита %s	  connection: %s (%s:%s), transport %s, security %s
  пул fakeip %s, DNS-вход %s:53, tproxy %s, прокси роутера 127.0.0.1:%s	  fakeip pool %s, DNS input %s:53, tproxy %s, router proxy 127.0.0.1:%s
движок отверг конфиг, черновик остался в %s:	the engine rejected the config, the draft is left in %s:
конфиг не собран, собрать: byway gen	the config is not built, build it: byway gen
%s — %s байт	%s — %s bytes
в таблице маршрутизации %s есть чужие маршруты -- byway их не трогает	routing table %s holds other routes -- byway leaves them alone
маршрут в таблице %s оставлен: его завёл не byway	the route in table %s is left alone: byway did not create it
Xray-core не отвечает на %s:53 — перехват не включён, dnsmasq возвращён провайдеру	Xray-core does not answer on %s:53 — interception not set up, dnsmasq returned to the provider
перехват включён: таблица inet %s, правило fwmark, dnsmasq -> %s	interception is up: table inet %s, fwmark rule, dnsmasq -> %s
движок не запущен — перехват не включён, ожидание прервано	the engine is not running — interception not set up, wait aborted
перехват снят, резолвер оставлен на месте	interception removed, the resolver is left as it is
перехват снят, dnsmasq возвращён	interception removed, dnsmasq returned
xray не запущен, считать нечего	xray is not running, nothing to count
учтено соединений: %s, всего доменов в учёте: %s	connections counted: %s, domains in the tally: %s
новых соединений в журнале нет	no new connections in the log
учёт пуст. Собирается задачей cron; вручную: byway stat	the tally is empty. It is filled by a cron job; by hand: byway stat
byway sub <адрес подписки>	byway sub <subscription address>
это не адрес подписки: ожидается https://	this is not a subscription address: https:// expected
подписка по http:// не принимается: ключи в ней может подменить кто угодно на пути — нужен https://	a subscription over http:// is not accepted: anyone on the path can replace the keys in it — https:// is needed
подписка не скачалась: стоит проверить адрес и связь	the subscription did not download: check the address and the connection
меню работает только с терминала: byway menu	the menu only works from a terminal: byway menu
не OpenWrt	not OpenWrt
byway рассчитан на OpenWrt, на другом может не работать	byway is made for OpenWrt, elsewhere it may not work
вписать на вкладке «Основное» или: uci set byway.main.node_url=vless://…	write it on the "Overview" tab, or: uci set byway.main.node_url=vless://…
ключ не заполнен	the key is still a placeholder
вписать настоящий ключ вместо заглушки	write a real key in place of the placeholder
списки не нужны: режим «всё через VPN»	lists are not needed: mode "everything through the VPN"
список доменов пуст	the domain list is empty
через VPN не пойдёт ничего: наполнить или включить пресет	nothing will go through the VPN: fill the list or enable a preset
dnsmasq направлен на byway	dnsmasq points at byway
dnsmasq не направлен на byway	dnsmasq does not point at byway
правила перехвата сняты: byway plumb on	the interception rules are down: byway plumb on
Показать текущее	Show the current one
Вписать ключ	Enter a key
Загрузить из подписки	Load from a subscription
Проверить ключ отдельно, не трогая работающий туннель	Test the key separately, without touching the running tunnel
Назад	Back
По спискам — через VPN только перечисленное	By lists — only what is listed goes through the VPN
Всё через VPN	Everything through the VPN
Показать домены	Show the domains
Добавить домен	Add a domain
Убрать домен	Remove a domain
Обновить готовые списки	Update the ready-made lists
Перезапустить	Restart
Остановить	Stop
Запустить	Start
Журнал состояния — что и когда менялось	State log — what changed and when
Чем пользуются	What is actually used
Журнал движка	Engine log
Выгрузить без ключа — такой файл можно показывать	Export without the key — such a file is safe to show
Выгрузить вместе с ключом	Export together with the key
Принять из файла	Import from a file
Что сейчас происходит	What is going on right now
Проверка связи	Connection check
Проверка окружения	Environment check
Подключение к VPN	VPN connection
Режим работы	Mode
Списки	Lists
Служба	Service
Журнал и статистика	Log and statistics
Экспорт и импорт настроек	Export and import settings
Выход	Exit
Выбор	Choice
Ключ	Key
Адрес подписки	Subscription address
Домен	Domain
Куда сохранить [/tmp/settings-byway.txt]	Where to save [/tmp/settings-byway.txt]
Файл	File
Включить?	Enable?
Остановить?	Stop?
Принять?	Import?
те же действия пунктами меню, без набора команд	the same actions as a numbered menu, no commands to type
что сейчас работает	what is working right now
быстрая проверка: служба, VPN, трафик, DNS	quick check: service, VPN, traffic, DNS
проверка окружения: модули, утилиты, место, конфликты	environment check: modules, tools, space, conflicts
пересобрать конфиг из настроек и списков	rebuild the config from the settings and the lists
включить или снять перехват трафика (nft, маршрут, DNS)	set up or remove traffic interception (nft, route, DNS)
разобрать ключ и проверить конфиг, без соединений	parse a key and verify the config, no connections made
проверить ключ отдельно, не трогая работающий туннель	test the key separately, without touching the running tunnel
скачать подписку	download a subscription
обновить готовые списки	update the ready-made lists
чем реально пользуются	what is actually used
принять настройки из выгрузки	import settings from an export
очистить журнал состояния, статистику или то и другое	clear the state log, the statistics, or both
версия	version
check [ссылка]	check [link]
probe [ссылка|--all]	probe [link|--all]
sub АДРЕС	sub ADDRESS
export [файл] [--with-key]	export [file] [--with-key]
import ФАЙЛ	import FILE
рядом включён %s	%s is also enabled
рядом РАБОТАЕТ %s	%s is RUNNING alongside byway
%s установлен, но выключен	%s is installed but disabled
он метит трафик и перехватывает те же порты — оставить что-то одно	it marks traffic and intercepts the same ports — keep only one of them
%s (порт %s) свободен или занят byway	%s (port %s) is free or used by byway
%s (порт %s) занят: %s	%s (port %s) is taken: %s
сменить порт в настройках byway либо убрать чужую службу	change the port in byway settings, or remove the other service
правил ip rule на таблицу %s: %s	ip rule entries for table %s: %s
лишние копятся при перезапусках — снять: byway plumb off && byway plumb on	spares pile up across restarts — clear them: byway plumb off && byway plumb on
порт в ссылке недопустим: %s	the port in the key is not valid: %s
на флеше свободно %s КБ, для конфига нужно %s -- рабочий не тронут	%s KB free on flash, the config needs %s -- the working one is untouched
vpn\twarn\tсвой конфиг: адрес сервера неизвестен\n	vpn\twarn\tcustom config: server address unknown\n
меньше двух мегабайт: списки и конфиг могут не записаться	less than two megabytes: the lists and the config may fail to write
%s xray-core либо задать byway.main.xray_bin	%s xray-core, or point byway.main.xray_bin at a binary
переустановить byway	install byway again
лишнее оставит дыру после удаления byway — проверить: uci show firewall | grep mark	a spare one leaves a hole once byway is removed — check: uci show firewall | grep mark
конфиг не изменился, рабочий оставлен как есть	the config has not changed, the working one is left alone
свой конфиг: адрес сервера лежит внутри чужого JSON, byway его не знает и из перехвата не исключит — проверить, что адрес сервера не попал в списки, иначе туннель замкнётся сам на себя	custom config: the server address sits inside your JSON, byway does not know it and will not exclude it from interception — make sure the server address is not in the lists, or the tunnel closes on itself
сюда писать нельзя: %s	cannot write here: %s
отчёт записан: %s	report written: %s
  секреты убраны, но перед отправкой файл стоит просмотреть	  secrets are removed, but look the file over before sending it
Собрать отчёт для обращения — без ключа, но с диагностикой	Build a report to ask for help — no key, but with diagnostics
Куда сохранить [/tmp/report-byway.txt]	Where to save it [/tmp/report-byway.txt]
собрать отчёт для обращения, без ключа от VPN	build a report to ask for help, without the VPN key
report [файл]	report [file]
снято	generated
# ключ от VPN, адрес сервера и адрес подписки сюда НЕ попадают	# the VPN key, the server address and the subscription address are NOT included
== устройство ==	== device ==
прошивка	firmware
железо	hardware
ядро	kernel
флеш	flash
память	memory
== окружение ==	== environment ==
== состояние ==	== state ==
== проверка ==	== check ==
== подключение (без значений) ==	== connection (values omitted) ==
протокол	protocol
транспорт	transport
защита	security
порт	port
ключ не разбирается -- это и есть повод для обращения	the key does not parse -- that is the very thing to ask about
== настройки ==	== settings ==
== списки ==	== lists ==
своих доменов	own domains
всего доменов	domains total
пресеты	presets
отброшено строк	lines dropped
== перехват ==	== interception ==
таблицы нет	no table
правила ip rule нет	no ip rule entry
== журнал состояния (последние 20) ==	== state log (last 20) ==
пусто	empty
== системный журнал byway (последние 30) ==	== byway syslog (last 30) ==
== системный журнал движка (последние 20) ==	== engine syslog (last 20) ==
ни одного готового списка не подключено	no preset lists are enabled
ни один из подключённых списков не обновился — прежние копии остались на месте	none of the enabled lists was refreshed — the previous copies stay in place
версия та же (%s), но ставится заново -- так велит --force	same version (%s), reinstalling anyway -- that is what --force says
  переставить ту же: byway update --force	  reinstall the same one: byway update --force
версия %s -- новее нет	version %s -- nothing newer
есть новая версия: %s (у вас %s)	there is a new version: %s (you have %s)
загрузка	downloading
не скачалось -- ничего не тронуто	download failed -- nothing was touched
не распаковалось -- ничего не тронуто	unpacking failed -- nothing was touched
в пакете нет install.sh -- ничего не тронуто	there is no install.sh in the package -- nothing was touched
установка	installing
проверить, есть ли новая версия byway, и поставить её; --check — только проверить, --force — переустановить ту же	check for a new byway version and install it; --check only checks, --force reinstalls the current one
GitHub не ответил -- похоже, нет связи	GitHub did not answer -- looks like there is no connection
на GitHub нет ни репозитория %s, ни его выпусков	GitHub has neither the %s repository nor its releases
GitHub ответил «слишком часто спрашиваете» -- подождать час	GitHub answered "too many requests" -- wait an hour
GitHub ответил %s, но версии в ответе нет	GitHub answered %s, but there is no version in the answer
адрес сервера %s не разрешился — без него DNS через туннель не собрать (запросы к серверу ушли бы в сам туннель); проверить интернет и DNS роутера	the server address %s did not resolve — DNS through the tunnel cannot be set up without it (lookups for the server would go into the tunnel itself); check the router's internet and DNS
«не пускать мимо VPN»: не найден каталог конфигов dnsmasq — домены закрыть нечем	"no traffic outside the VPN": dnsmasq config directory not found — no way to block the domains
«не пускать мимо VPN»: dnsmasq не принял список — домены остались ОТКРЫТЫМИ	"no traffic outside the VPN": dnsmasq refused the list — the domains stay OPEN
направления %s со своим выходом\n	routes with their own exit: %s\n
направление «%s»: ключа с меткой «%s» нет	route "%s": there is no key labelled "%s"
выбрать существующий ключ либо убрать направление	pick a key that exists, or remove the route
направление «%s»: список пуст	route "%s": the list is empty
список «%s» лежит без направления и не читается	list "%s" has no route and is never read
убрать файл, если направление удалено	remove the file if the route is gone
наполнить список либо убрать направление	fill the list or remove the route
направление «%s» ведёт в «%s»	route "%s" leads to "%s"
направление «%s»: список %s пуст, пропущено	route "%s": the list %s is empty, skipping
направление «%s»: ключа с меткой «%s» среди добавленных нет	route "%s": none of the added keys is labelled "%s"
направление «%s»: ключ не разбирается, пропущено	route "%s": the key does not parse, skipping
направлений со своим выходом: %s	routes with their own exit: %s
есть	yes
провайдер	ISP
в поле «%s» ссылки кавычка или обратная косая: значения уходят в конфиг как есть, и такая ссылка подменяет его поля	field "%s" of the link contains a quote or a backslash: values go into the config verbatim, so such a link can rewrite its fields
IPv6 поднят, а перехват только по IPv4	IPv6 is up, interception is IPv4 only
в режиме «всё через VPN» соединения по IPv6 идут мимо туннеля: выключить IPv6 на WAN либо вернуться к режиму по спискам	in "everything through the VPN" mode IPv6 connections bypass the tunnel: turn IPv6 off on WAN or go back to list mode
без имени	unnamed
направление «%s» пропущено: имя не годится	route "%s" skipped: the name is not usable
ВНИМАНИЕ    доступ к списку ЗАКРЫТ: туннеля нет, так велит «не пускать мимо VPN»\n	WARNING     the list is CLOSED: no tunnel, and "no traffic outside the VPN" says so\n
параметр extra в ссылке -- не один объект JSON: он подставляется в конфиг как есть, и такая ссылка переписывает соседние поля, включая адрес сервера и защиту	the extra parameter in the key is not a single JSON object: it goes into the config as it is, so such a key rewrites the neighbouring fields, the server address and the security among them
%s: не скачался, и прежней копии нет — список пуст	%s: not downloaded, and there is no earlier copy — the list is empty
%s: скачанное не похоже на список (%s записей, было %s) — прежняя копия оставлена	%s: what was downloaded does not look like a list (%s entries, was %s) — the earlier copy is kept
готовый список «%s» не обновлялся больше месяца	the ready-made list "%s" has not been refreshed for over a month
готовый список «%s» отключён, а копия лежит во флеше	the ready-made list "%s" is switched off, but its copy still sits in flash
обновить и заодно свериться с zapret: byway presets	refresh it and check against zapret while at it: byway presets
включить обратно или убрать файл из /etc/byway/presets	switch it back on, or remove the file from /etc/byway/presets
замок «%s» остался от прерванного прогона -- снят	the "%s" lock is left over from an interrupted run -- releasing it
%s уже идёт -- ожидание	%s is already running -- waiting
перехват уже настраивается другим запуском -- пропущено	interception is being set up by another run -- skipping
метка сменилась (%s -> %s) — правило firewall переписывается	the mark has changed (%s -> %s) — the firewall rule is rewritten
%s: подсетей %s	%s: %s subnets
своих подсетей	own subnets
всего подсетей	subnets in total
  ВНИМАНИЕ: %s адресов, крупнейший блок /%s — в туннель уйдёт и чужой трафик, и скорость упадёт	  WARNING: %s addresses, the widest block is /%s — unrelated traffic will go through the tunnel too, and the speed will drop
  свой список: %s записей пересекаются с хостлистом zapret	  your own list: %s entries also sit in the zapret hostlist
  домен должен быть в одном месте: иначе одна сессия разъедется на два выхода	  a domain belongs in exactly one place: otherwise one session splits across two exits
  пинов из /etc/hosts внутри подсетей byway: %s	  /etc/hosts pins inside byway subnets: %s
  их адреса уйдут в туннель, хотя пин ставят затем, чтобы шли мимо	  those addresses will go through the tunnel, though a pin exists to keep them out of it
  что бывает:	  what exists:
  подключить: uci add_list byway.main.preset=ИМЯ && uci commit byway && byway presets	  switch one on: uci add_list byway.main.preset=NAME && uci commit byway && byway presets
движка нет (%s) — ключ проверить нечем; сам ключ тут ни при чём	no engine (%s) — nothing to check the key with; the key itself is not at fault
файрвол firewall4	firewall4
firewall4 не найден — вероятно firewall3, 21.02 и старше	firewall4 not found — probably firewall3, 21.02 or older
обновление  %s доступно (у вас %s)\n	update      %s is available (you have %s)\n
            поставить: byway update\n	            install it: byway update\n
важное обновление: %s	important update: %s
есть новая версия: %s	a new version is available: %s
ночью      %s\n	overnight   %s\n
автообновление включено, но происхождение файла неизвестно	auto-update is on, but the origin of the file is unknown
автообновление включено, но byway правлен руками	auto-update is on, but byway has been edited by hand
автообновление включено	auto-update is on
пул $1 без длины маски -- взято умолчание	pool $1 has no mask length -- falling back to the default
пул %s: маска /%s не годится -- взято умолчание	pool %s: mask /%s is not usable -- falling back to the default
пул %s лежит в приватном или зарезервированном -- он мёртв: цепочка nft отсекает такие адреса первым же правилом	pool %s is inside private or reserved space -- it is dead: the nft chain drops such addresses in its very first rule
пул %s лежит в 172.16/12 -- он мёртв	pool %s is inside 172.16/12 -- it is dead
пул %s лежит в 192.168/16 -- он мёртв	pool %s is inside 192.168/16 -- it is dead
пул %s лежит в 169.254/16 -- он мёртв	pool %s is inside 169.254/16 -- it is dead
пул %s лежит в 100.64/10 -- он мёртв	pool %s is inside 100.64/10 -- it is dead
доменов %s, а адресов в пуле %s — часть будет вытесняться и уводить соединения к чужому хосту. Расширить пул (byway.main.fakeip_pool) либо укоротить список	domains %s, addresses in the pool %s — some will be evicted and send connections to the wrong host. Widen the pool (byway.main.fakeip_pool) or shorten the list
%s: источники дали больше 32 МБ — загрузка отменена, прежний список на месте	%s: sources returned more than 32 MB — download cancelled, the previous list is kept
настройка %s = «%s» не годится для %s, взято %s	setting %s = "%s" is not usable for %s, falling back to %s
карта: %s из %s доменов, адресов %s	map: %s of %s domains, addresses %s
туннеля нет, и доступ к списку закрыт: доменов %s, подсети %s	no tunnel, and access to the list is blocked: domains %s, subnets %s
«не пускать мимо VPN» включено, но закрывать нечего: списки пусты — трафик идёт НАПРЯМУЮ	"no traffic outside the VPN" is on, but there is nothing to block: the lists are empty — traffic goes DIRECT
«не пускать мимо VPN»: ядро не приняло правило запрета — трафик идёт НАПРЯМУЮ	"no traffic outside the VPN": the kernel rejected the blocking rule — traffic goes DIRECT
«не пускать мимо VPN»: ядро не приняло правило — %s	"no traffic outside the VPN": the kernel rejected the rule — %s
«не пускать мимо VPN»: подсети закрыть не вышло — %s	"no traffic outside the VPN": blocking subnets failed — %s
«не пускать мимо VPN»: %s записей списка нельзя закрыть по имени (keyword:, regexp: и подобные) — они останутся ОТКРЫТЫМИ	"no traffic outside the VPN": %s list entries cannot be blocked by name (keyword:, regexp: and the like) — they stay OPEN
ВНИМАНИЕ    ВЕСЬ трафик мимо VPN ЗАКРЫТ: туннеля нет, так велит «не пускать мимо VPN»\n	WARNING     ALL traffic outside the VPN is BLOCKED: no tunnel, "no traffic outside the VPN" says so\n
ВНИМАНИЕ    «не пускать мимо VPN» включено, но закрывать было нечего — трафик идёт НАПРЯМУЮ\n	WARNING     "no traffic outside the VPN" is on, but there was nothing to block — traffic goes DIRECT\n
задачи cron на месте, crond работает	cron jobs are in place, crond is running
задачи cron есть, но crond не работает	cron jobs are present, but crond is not running
перехват и резолвер согласованы по сетям	interception and the resolver agree on which networks they cover
час автообновления «%s» не годится, взято 04	auto-update hour "%s" is invalid, using 04
в cron не хватает задач byway (watch: %s, stat: %s)	cron is missing byway jobs (watch: %s, stat: %s)
сети с резолвером byway, но без перехвата:%s	networks using the byway resolver but not intercepted:%s
byway включён, движок работает	byway is on, the engine is running
byway включён, но движок не работает	byway is on, but the engine is not running
byway выключен настройкой	byway is switched off in the settings
файла службы нет	the service file is missing
byway не поднимется ни сейчас, ни после перезагрузки: поставить заново	byway will not come up now or after a reboot: install it again
служба в автозапуске	the service is in autostart
служба НЕ в автозапуске	the service is NOT in autostart
  dnsmasq ответит по пину, подставного адреса не будет — в туннель они НЕ пойдут	  dnsmasq will answer from the pin, there will be no placeholder address — they will NOT go through the tunnel
сейчас работает, но после перезагрузки туннеля не будет: /etc/init.d/byway enable	it runs now, but after a reboot there will be no tunnel: /etc/init.d/byway enable
список доменов: %s записей (своих %s)	domain list: %s entries (%s of them your own)
порт %s занят другим входом byway — свой трафик роутер в туннель не пошлёт	port %s is taken by another byway inbound — the router will not send its own traffic into the tunnel
роутер ходит к сайтам из списка сам	the router reaches the sites on the list on its own
заворот трафика роутера включён, но цепочки в ядре нет	sending the router’s own traffic through the tunnel is on, but the kernel chain is missing
переложить правила: byway plumb off && byway plumb on	reapply the rules: byway plumb off && byway plumb on
уровень журнала «%s» не годится, взят warning	log level "%s" is not usable, falling back to warning
клиент со своим DNS проходит мимо туннеля	a client with its own DNS bypasses the tunnel
замок «%s» поставлен не byway -- снят принудительно	lock "%s" was not set by byway -- taken over
\n  \033[1;33mсобрано, но byway ВЫКЛЮЧЕН\033[0m — туннеля не будет\n	\n  \033[1;33mbuilt, but byway is OFF\033[0m — there will be no tunnel\n
  включить: uci set byway.main.enabled=1 && uci commit byway && /etc/init.d/byway restart\n	  turn it on: uci set byway.main.enabled=1 && uci commit byway && /etc/init.d/byway restart\n
dnsmasq не тронут — byway ещё не запущен, так и должно быть	dnsmasq is untouched — byway has not been started yet, which is correct
курируемый список byway: сервисы, недоступные из РФ и блокирующие её	byway's curated list: services unreachable from Russia, and services that block it
itdoginfo: сервисы, которые сами закрываются от российских адресов	itdoginfo: services that shut Russian addresses out themselves
itdoginfo: заблокированное в РФ. Внимание: встречается мусор	itdoginfo: what is blocked in Russia. Careful: contains junk
itdoginfo: подсети для сервисов, которые работают не по именам. Весь их набор: Telegram, Meta, Twitter, Roblox, Discord, Google Meet и диапазоны хостеров Cloudflare, CloudFront, DigitalOcean, Hetzner, OVH. Вместе около 21 миллиона адресов -- byway скажет точную цифру при загрузке	itdoginfo: subnets for services that do not work by name. The whole set: Telegram, Meta, Twitter, Roblox, Discord, Google Meet, plus hosting ranges of Cloudflare, CloudFront, DigitalOcean, Hetzner, OVH. About 21 million addresses altogether -- byway will give the exact figure when loading
свой адрес	your own URL
# БЕЗ КЛЮЧА: подключение к VPN придётся вписать заново	# NO KEY: the VPN connection will have to be entered again
нет ответа	no answer
обновлено до %s, %s\n	updated to %s, %s\n
ОТКАТ с %s на %s, %s\n	ROLLBACK from %s to %s, %s\n
он метит трафик и перехватывает те же порты — оставить что-то одно: /etc/init.d/%s stop && /etc/init.d/%s disable	it marks traffic and intercepts the same ports — keep one of the two: /etc/init.d/%s stop && /etc/init.d/%s disable
след виден в ядре: своя таблица nft либо правило на таблицу маршрутизации %s. Оставить что-то одно: /etc/init.d/%s stop && /etc/init.d/%s disable	the trace is visible in the kernel: its own nft table, or a rule pointing at routing table %s. Keep only one of them: /etc/init.d/%s stop && /etc/init.d/%s disable
%s=<скрыто>\n	%s=<hidden>\n
# программа: byway %s\n	# program: byway %s\n
# снято: %s с %s\n	# exported: %s from %s\n
роутера	the router
да	yes
нет	no
путь к движку отклонён: %s	the core path was rejected: %s
движок не поднимается пять минут -- перехват снят, запрет «не пускать мимо VPN» ОСТАЁТСЯ: доступа наружу нет	the core has not come up for five minutes -- interception removed, the "no traffic outside the VPN" block STAYS: no internet access
движок не поднимается пять минут -- перехват снят, дом остаётся с интернетом и без туннеля	the core has not come up for five minutes -- interception removed, the home network keeps internet access without the tunnel
byway watch: правил перехвата нет при работающем движке -- восстановление	byway watch: interception rules missing while the core is running -- restoring
автообновление: byway правлен руками -- не трогается	auto-update: byway has been edited by hand -- leaving it alone
автообновление: сумма выложенной версии неизвестна -- не трогается	auto-update: the checksum of the published version is unknown -- leaving it alone
журнал обращений превысил 4 МБ и обрезан -- похоже, не запускается учёт трафика (byway stat в cron)	the access log exceeded 4 MB and was truncated -- the traffic count (byway stat in cron) does not seem to run
движок перезапустился — кэш dnsmasq сброшен: прежние подставные адреса недействительны	the core restarted — dnsmasq cache flushed: the previous placeholder addresses are no longer valid
журнал обращений перевалил 4 МБ и обрезан -- задачи cron на месте?	the access log passed 4 MB and was truncated -- are the cron jobs in place?
пресет %s: %s записей, срез до %s	preset %s: %s entries, cut down to %s
пресет %s: отказ, записей %s, было %s	preset %s: refused, %s entries, was %s
обновление готовых списков (промежуток %s мин)	refreshing the ready-made lists (interval %s min)
новая версия byway %s (у вас %s): %s	new byway version %s (you have %s): %s
автообновление: установка %s (было %s)	auto-update: installing %s (was %s)
автообновление: %s поднялось	auto-update: %s came up
автообновление: %s не поднялось -- откат на %s	auto-update: %s did not come up -- rolled back to %s
автообновление: %s не скачалось, работает прежняя	auto-update: %s did not download, the previous one keeps running
byway положен не установщиком -- обновление пропускается. Лечится запуском install.sh из поставки	byway was not put here by the installer -- the update is skipped. Fix: run install.sh from the release package
своя правка не будет перетёрта: обновление пропускается намеренно	your own edit will not be overwritten: the update is skipped on purpose
движок не запущен или упал: /etc/init.d/byway restart, затем byway status и logread -e xray	the core is not running or has crashed: /etc/init.d/byway restart, then byway status and logread -e xray
включить: uci set byway.main.enabled=1 && uci commit byway && /etc/init.d/byway restart	to turn it on: uci set byway.main.enabled=1 && uci commit byway && /etc/init.d/byway restart
без него не работают ни проверка перехвата раз в 5 минут (byway watch), ни учёт трафика (byway stat), ни обрезка журналов: /etc/init.d/cron enable && /etc/init.d/cron start	without it the 5-minute interception check (byway watch), the traffic count (byway stat) and the log trimming all stop: /etc/init.d/cron enable && /etc/init.d/cron start
переустановить byway либо завести вручную: */5 * * * * /usr/local/bin/byway watch и 7 * * * * /usr/local/bin/byway stat	reinstall byway or add them by hand: */5 * * * * /usr/local/bin/byway watch and 7 * * * * /usr/local/bin/byway stat
byway работает только на firewall4, это OpenWrt 22.03 и новее — на firewall3 правило по метке не встанет	byway works only on firewall4, that is OpenWrt 22.03 and newer -- on firewall3 a mark-based rule will not go in
их клиенты получат подставной адрес, до туннеля не дойдут и потеряют ВЕСЬ список. Лечится одним из двух: добавить сеть в byway.main.interface либо выдать ей свой DNS через dhcp_option '6,…'	their clients will get a placeholder address, never reach the tunnel and lose the WHOLE list. Two fixes: add the network to byway.main.interface, or give it its own DNS via dhcp_option '6,…'
заворот трафика роутера включён, но список пуст — ловить нечего	router traffic redirect is on, but the list is empty - nothing to catch
маршрут     %s\n	route       %s\n
пинов в /etc/hosts перебивают записи списка: %s	/etc/hosts pins override list entries: %s
режим «всё через VPN», а эти сети идут мимо него целиком:%s	"everything through the VPN" mode, yet these networks bypass it entirely:%s
в таблице маршрутизации %s нет маршрута local default	routing table %s has no local default route
движок старый: транспорт httpupgrade он может не знать, и тогда конфиг соберётся, а туннель не встанет	the engine is old: it may not know the httpupgrade transport, and then the config builds but the tunnel never comes up
движку %s транспорт xhttp неизвестен (нужен Xray-core 1.8.24 или новее) — обновить: byway engine tested, либо взять ключ на ws	engine %s does not know the xhttp transport (Xray-core 1.8.24 or newer is needed) — update: byway engine tested, or use a ws key
  пинов в /etc/hosts перебивают записи списка: %s	  /etc/hosts pins override list entries: %s
  и запрет «не пускать мимо VPN» их не закроет: пин старше address=/домен/	  and the "no traffic outside the VPN" block will not cover them either: a pin outranks address=/domain/
туннеля нет, и трафик перечисленных сетей мимо VPN закрыт: так велит настройка «не пускать мимо VPN». Сети вне byway.main.interface запрет не закрывает	no tunnel, and traffic from the listed networks is blocked outside the VPN: the "no traffic outside the VPN" setting says so. Networks outside byway.main.interface are not covered by the block
правила не легли в ядро — %s	rules did not reach the kernel - %s
и домены, и подсети закрывают только IPv4: клиент, получивший AAAA, предпочтёт его и уйдёт напрямую. Выключить IPv6 на WAN -- либо помнить, что подсети сервиса его не покрывают	both domains and subnets cover IPv4 only: a client that got an AAAA record will prefer it and go direct. Turn IPv6 off on the WAN - or remember that the service subnets do not cover it
dnsmasq отвечает по пину сам, подставного адреса не будет — эти домены в туннель не пойдут, и запрет «не пускать мимо VPN» их тоже не закроет	dnsmasq answers from the pin itself, so there will be no fake address - those domains will not enter the tunnel, and the "no traffic outside the VPN" block will not cover them either
в этом режиме byway.main.interface -- граница ВСЕЙ защиты, а не только списков: что вне его, то мимо туннеля и мимо запрета «не пускать мимо VPN». Добавить сети в byway.main.interface	in this mode byway.main.interface is the boundary of ALL protection, not just of the lists: whatever is outside it bypasses both the tunnel and the "no traffic outside the VPN" block. Add the networks to byway.main.interface
маршрут решает DNS: устройство с «Приватным DNS», DoH в браузере или чужим резолвером в настройках уйдёт напрямую, и byway этого не увидит. Лечится либо выключением шифрованного DNS на устройствах, либо перехватом 53-го порта в firewall, либо добавлением к доменам ПОДСЕТЕЙ сервиса: подсеть работает по адресу, а значит и для того, кто спросил адрес не у роутера. Третий способ проще двух первых, но покрывает ТОЛЬКО IPv4: клиент, получивший AAAA, уйдёт мимо подсетей	DNS decides the route: a device with Private DNS, DoH in the browser or a third-party resolver in its settings goes direct, and byway will not see it. Fix it either by turning encrypted DNS off on the devices, or by intercepting port 53 in the firewall, or by adding the service SUBNETS next to the domains: a subnet works by address, and therefore also for a client that asked another resolver for that address. The third way is simpler than the first two, but covers IPv4 ONLY: a client that got an AAAA record will bypass the subnets
заворот работает по доменам списка: наполнить список либо подключить готовый	the redirect works by the domains of the list: fill the list in or enable a preset
переложить правила: byway plumb off && byway plumb on	reapply the rules: byway plumb off && byway plumb on
ОТКАТ НЕ УДАЛСЯ: на диске %s, копия в %s\n	ROLLBACK FAILED: %s is on disk, the copy is in %s\n
часы роутера идут по UTC (timezone=%s) — окно обновления придётся на %s:00 UTC	the router clock runs on UTC (timezone=%s) - the update window will fall on %s:00 UTC
часы %s (%s, смещение %s), обновление в %s:00 по часам роутера — сейчас %s	clock %s (%s, offset %s), update at %s:00 by the router clock - now %s
выпуск %s не поднялся и больше не ставится сам	release %s did not come up and is no longer installed on its own
прежняя таблица не снялась — %s	the previous table was not removed - %s
адрес подписки указывает на сам роутер	the subscription address points at the router itself
адрес подписки ведёт внутрь сети (%s) — byway туда не ходит	the subscription address leads inside the network (%s) - byway does not go there
автообновление: копия для отката не сделалась -- установка ОТМЕНЕНА (место на /overlay?)	auto-update: the rollback copy was not made - installation CANCELLED (space on /overlay?)
автообновление: ОТКАТ НЕ УДАЛСЯ -- на диске %s, копия в %s. Восстановить руками: cp %s /usr/local/bin/byway	auto-update: ROLLBACK FAILED - %s is on disk, the copy is in %s. Restore by hand: cp %s /usr/local/bin/byway
у вас это не ночь: в Москве это на три часа позже, во Владивостоке на десять — перезапуск службы среди дня. Лечится в LuCI (Система → Общие настройки → Часовой пояс) либо uci set system.@system[0].timezone=... (именно timezone: zonename часы не двигает)	that is not night where you are: three hours later in Moscow, ten in Vladivostok - the service restarts in the middle of the day. Fix it in LuCI (System - General Settings - Timezone) or uci set system.@system[0].timezone=... (specifically timezone: zonename does not change the clock)
если причина устранена — поставить вручную: byway update --force	if the cause is gone - install it by hand: byway update --force
без ярлыка	no label
IPv6 поднят и заворачивается наравне с IPv4	IPv6 is up and goes through the tunnel alongside IPv4
IPv6 включён в настройках, но правила для него в ядре нет	IPv6 is enabled in the settings, but there is no rule for it in the kernel
ключей для автовыбора: %s	keys for auto-select: %s
подсети списка: %s адресов, крупнейший блок /%s	list subnets: %s addresses, largest block /%s
self_mark %s пересекается битами с mark %s	self_mark %s shares bits with mark %s
self_mark %s не влезает в 32 бита -- взято умолчание 0x400000	self_mark %s does not fit in 32 bits -- default 0x400000 used
self_mark пересекается битами с mark %s -- взято %s	self_mark shares bits with mark %s -- %s used
применено, но движок не поднялся — смотреть: logread -e byway	applied, but the engine did not come up -- see: logread -e byway
правила не приняты ядром, перехват не включён	the kernel rejected the rules, interception is not set up
автообновление включено, но суточная проверка версий выключена	auto-update is on, but the daily version check is off
ключи для автовыбора не заданы	no keys set for auto-select
добавить на вкладке «Основное» либо: uci add_list byway.main.node_urls=vless://…	add on the Overview tab, or: uci add_list byway.main.node_urls=vless://...
свой конфиг аутбаунда задан	custom outbound config is set
вписать кусок JSON на вкладке «Основное»	paste the JSON snippet on the Overview tab
без проверки версий автообновлению нечего ставить — включить: uci set byway.main.update_check=1 && uci commit byway	without the version check auto-update has nothing to install — turn it on: uci set byway.main.update_check=1 && uci commit byway
в туннель уйдёт и чужой трафик, и скорость упадёт: проверить subnets.lst	other traffic will go into the tunnel and speed will drop: check subnets.lst
byway возьмёт другое значение сам; задать своё: uci set byway.main.self_mark=0x400000	byway picks another value itself; to set your own: uci set byway.main.self_mark=0x400000
резолвер задан именем, а bootstrap не задан — разрешать имя нечем, взяты поставочные адреса	the resolver is given by name, but no bootstrap is set -- there is nothing to resolve the name with, stock addresses taken
  вписать: uci set byway.main.dns_bootstrap=77.88.8.8 && uci commit byway	  set it: uci set byway.main.dns_bootstrap=77.88.8.8 && uci commit byway
роутер сам до сайтов из списка не достаёт	the router itself cannot reach the sites on the list
заворот своего трафика выключен: программы на роутере — обновления zapret, свои скрипты — виснут на подставном адресе до таймаута. Включить: uci set byway.main.router_via_vpn=1 && uci commit byway && /etc/init.d/byway reload	routing the router's own traffic is off: programs on the router — zapret updates, your own scripts — hang on a fake address until they time out. To turn it on: uci set byway.main.router_via_vpn=1 && uci commit byway && /etc/init.d/byway reload
  Xray-core с 26.7.11 не пускает vless и trojan без TLS или reality к публичному адресу	  since 26.7.11 Xray-core refuses vless and trojan without TLS or reality to a public address
  нужен ключ с security=tls или reality; без шифрования транспорта — только сервер в частной сети	  a key with security=tls or reality is needed; no transport encryption only works for a server on a private network
замена движка	engine replacement
путь к движку не записался в настройки: uci set byway.main.xray_bin=%s && uci commit byway	the engine path was not saved to the settings: uci set byway.main.xray_bin=%s && uci commit byway
нет unzip — поставить: %s unzip	unzip is missing — install it: %s unzip
нет sha256sum — сверить архив нечем, замена не начата	sha256sum is missing — nothing to verify the archive with, replacement not started
на этом процессоре сборки Xray-core с GitHub не запускаются — движок обновляется пакетом OpenWrt: apk upgrade xray-core либо opkg upgrade xray-core	Xray-core builds from GitHub do not run on this CPU — the engine is updated as an OpenWrt package: apk upgrade xray-core or opkg upgrade xray-core
неизвестно, какой файл выпуска брать для %s	no known release file for %s
ядро Xray не указано или не запускается (byway.main.xray_bin)	Xray core is not set or does not start (byway.main.xray_bin)
стоит Xray %s; есть ли новее — неизвестно: GitHub не ответил	Xray %s is installed; whether there is a newer one is unknown: GitHub did not answer
есть обновление ядра: Xray %s (стоит %s)	core update available: Xray %s (installed %s)
обновлений ядра нет: стоит Xray %s	no core updates: Xray %s is installed
  стоит новее проверенной с byway (%s)	  newer than the one tested with byway (%s)
  проверенная с byway: %s	  tested with byway: %s
  поставить: byway engine %s	  install: byway engine %s
  или проверенную: byway engine tested	  or the tested one: byway engine tested
подробно:	details:
  файл: %s	  file: %s
  самая свежая у XTLS: %s, стабильная: %s	  newest at XTLS: %s, stable: %s
  на флеше свободно %s МБ, памяти доступно %s МБ	  free flash %s MB, available memory %s MB
  варианты: byway engine ВЕРСИЯ | tested | newest | stable | restore | /tmp/ФАЙЛ.gz	  options: byway engine VERSION | tested | newest | stable | restore | /tmp/FILE.gz
GitHub не ответил — номер свежей версии неизвестен, ничего не тронуто	GitHub did not answer — the newest version number is unknown, nothing touched
непонятная версия «%s» — нужен номер вида 26.9.9 либо tested, newest, stable, restore	unclear version "%s" — a number like 26.9.9 or tested, newest, stable, restore is needed
стоит уже %s — менять нечего	%s is already installed — nothing to replace
замена движка уже идёт	an engine replacement is already running
памяти доступно %s МБ, для замены нужно не меньше 40 — ничего не тронуто	%s MB of memory available, the replacement needs at least 40 — nothing touched
загрузка Xray-core %s (%s)	downloading Xray-core %s (%s)
архив %s не скачался — ничего не тронуто	the %s archive did not download — nothing touched
архив %s не сошёлся с суммой SHA2-256 из .dgst выпуска — отброшен, ничего не тронуто	the %s archive does not match the SHA2-256 sum from the release .dgst — discarded, nothing touched
в архиве нет файла xray — ничего не тронуто	the archive has no xray file — nothing touched
архив сверен с суммой из выпуска	archive matches the sum from the release
места хватает — новое ядро кладётся рядом с прежним	there is enough space — the new engine goes next to the current one
ядро не распаковалось на флеш — ничего не тронуто	the engine did not unpack to flash — nothing touched
новое ядро не запускается на этом железе — удалено, работает прежнее	the new engine does not run on this hardware — removed, the current one keeps working
новый движок не принял конфиг — удалён, работает прежний	the new engine rejected the config — removed, the current one keeps working
перезапуск службы: туннель пропадёт на несколько секунд	restarting the service: the tunnel drops for a few seconds
проверка туннеля на новом движке (до 2,5 минуты)	checking the tunnel on the new engine (up to 2.5 minutes)
прежний движок удалён: %s	previous engine removed: %s
прежний движок %s — из пакета, оставлен; снять можно пакетным менеджером	previous engine %s comes from a package and is kept; remove it with the package manager
готово: Xray %s, на флеше свободно %s МБ	done: Xray %s, %s MB free on flash
туннель на новом движке не поднялся — возврат прежнего	the tunnel did not come up on the new engine — restoring the previous one
возвращён %s; новое ядро удалено	%s restored; the new engine removed
места на второе ядро нет, а прежнее (%s) — из пакета; снять пакет вручную и поставить заново: byway engine %s	no space for a second engine, and the current one (%s) comes from a package; remove the package manually and install again: byway engine %s
места на второе ядро нет (свободно %s МБ) — замена через память	no space for a second engine (%s MB free) — replacing via memory
загрузка прежней версии %s — для отката	downloading the current version %s — for rollback
архив прежней версии %s не получен — без копии для отката замена не начата	the archive of the current version %s was not obtained — without a rollback copy the replacement is not started
остановка службы: туннель пропадёт примерно на минуту	stopping the service: the tunnel drops for about a minute
памяти после остановки мало: %s МБ	too little memory after stopping: %s MB
новое ядро не распаковалось или не запускается	the new engine did not unpack or does not run
новый движок не принял конфиг	the new engine rejected the config
новое ядро не легло на флеш	the new engine did not fit on flash
туннель на новом движке не поднялся	the tunnel did not come up on the new engine
служба запущена с прежним движком — ничего не заменено	the service is started with the previous engine — nothing replaced
возврат %s из архива	restoring %s from the archive
возвращён %s	%s restored
ни новое, ни прежнее ядро не легло на флеш — туннеля нет. Архив прежнего: %s (в памяти, до перезагрузки); поставить: unzip -p %s xray > %s && chmod 755 %s && /etc/init.d/byway start	neither the new nor the previous engine fit on flash — no tunnel. Archive of the previous one: %s (in memory, until reboot); install: unzip -p %s xray > %s && chmod 755 %s && /etc/init.d/byway start
движок заменён: %s -> %s	engine replaced: %s -> %s
движок: %s не поднялся, возвращён %s	engine: %s did not come up, %s restored
движок: %s не встал, возвращён %s	engine: %s did not install, %s restored
движок: НИ НОВОЕ, НИ ПРЕЖНЕЕ ядро не легло на флеш -- туннеля нет	engine: NEITHER the new NOR the previous engine fit on flash -- no tunnel
есть ли обновление ядра Xray-core, и его замена; без аргумента — ещё и подробности	whether an Xray-core update exists, and the replacement; without an argument — details too
engine [ВЕРСИЯ|tested|newest|stable|restore|/tmp/ФАЙЛ]	engine [VERSION|tested|newest|stable|restore|/tmp/FILE]
конфига движка	the engine config
правил nft	the nft rules
проверки окружения	the environment check
вход для трафика роутера	router traffic inbound
вход tproxy	tproxy inbound
прокси роутера	router proxy
поставить: byway update	install it: byway update
автовыбор из %s	auto-select from %s
сборка конфига	config build
настройка перехвата	interception setup
язык: %s	language: %s
  сменить: byway lang ru | en	  change: byway lang ru | en
непонятный язык «%s» — нужен ru или en	unknown language "%s" — use ru or en
загрузка английского словаря	downloading the English dictionary
словарь не скачался — язык не переключён	the dictionary did not download — the language is not switched
загрузка английского словаря панели	downloading the English panel dictionary
словарь панели не скачался — язык не переключён	the panel dictionary did not download — the language is not switched
язык вывода и панели; английский словарь докачивается при переключении	output and panel language; the English dictionary is downloaded when switching
\nОбновления\n	\nUpdates\n
проверка новых версий выключена	the new version check is off
новее %s не найдено	nothing newer than %s found
  Ссылка целиком: vless://… trojan://… ss://… vmess://… hy2://… wireguard://…\n	  The whole link: vless://… trojan://… ss://… vmess://… hy2://… wireguard://…\n
  Xray-core с 26.3.27 не даёт отключать проверку сертификата сервера (allowInsecure)	  since 26.3.27 Xray-core does not allow turning off server certificate checks (allowInsecure)
  нужен отпечаток сертификата в ключе (pcs= или pinSHA256=) либо настоящий сертификат на сервере	  the key needs a certificate fingerprint (pcs= or pinSHA256=), or the server needs a real certificate
%s в Xray-core нет; из похожего есть hysteria2	%s is not in Xray-core; the closest thing there is hysteria2
obfs=salamander без obfs-password: пароль обфускации обязателен	obfs=salamander without obfs-password: the obfuscation password is required
obfs=%s у hysteria2 не поддержан: в Xray-core есть только salamander	obfs=%s is not supported for hysteria2: Xray-core has only salamander
mport (смена портов) не переносится: соединение идёт на основной порт из ключа	mport (port hopping) is not carried over: the connection goes to the main port from the key
в ключе wireguard нет закрытого ключа либо он не той формы (base64 на 44 знака либо 64 шестнадцатеричных)	the wireguard key has no private key, or it has the wrong form (44 base64 characters or 64 hex digits)
в ключе wireguard нет публичного ключа сервера (publickey) либо он не той формы	the wireguard key has no server public key (publickey), or it has the wrong form
presharedkey в ключе wireguard не той формы	presharedkey in the wireguard key has the wrong form
в ключе wireguard нет address -- адреса этого клиента в туннеле	the wireguard key has no address -- this client's address inside the tunnel
address в ключе wireguard не похож на список адресов: %s	address in the wireguard key does not look like a list of addresses: %s
mtu в ключе wireguard -- не число: %s	mtu in the wireguard key is not a number: %s
reserved в ключе wireguard -- не три числа через запятую: %s	reserved in the wireguard key is not three comma-separated numbers: %s
keepalive в ключе wireguard -- не число: %s	keepalive in the wireguard key is not a number: %s
отпечаток сертификата (pcs, pinSHA256) -- не шестнадцатеричный: %s	the certificate fingerprint (pcs, pinSHA256) is not hexadecimal: %s
имя для проверки сертификата (vcn) -- не имя хоста: %s	the name for certificate checks (vcn) is not a host name: %s
encryption=%s бывает только у vless	encryption=%s exists only for vless
encryption=%s не поддержан: Xray-core знает только mlkem768x25519plus	encryption=%s is not supported: Xray-core knows only mlkem768x25519plus
шифрование VLESS (encryption=mlkem768x25519plus) появилось в Xray-core 25.8.29, а стоит %s — обновить: byway engine tested	VLESS encryption (encryption=mlkem768x25519plus) appeared in Xray-core 25.8.29, and %s is installed — update: byway engine tested
hysteria2 нужен Xray-core 26.3.27 или новее, а стоит %s — обновить: byway engine tested	hysteria2 needs Xray-core 26.3.27 or newer, and %s is installed — update: byway engine tested
hysteria2 идёт поверх QUIC (UDP), а в РФ его ограничивают первым делом	hysteria2 runs over QUIC (UDP), and in Russia that is restricted first
obfs=salamander у hysteria2 нужен Xray-core 26.7.11 или новее, а стоит %s — обновить: byway engine tested	obfs=salamander for hysteria2 needs Xray-core 26.7.11 or newer, and %s is installed — update: byway engine tested
транспорт %s не поддержан — есть ws, tcp/raw, kcp, grpc, httpupgrade, xhttp, hysteria	transport %s is not supported — available: ws, tcp/raw, kcp, grpc, httpupgrade, xhttp, hysteria
в ключе отключена проверка сертификата (allowInsecure или insecure), а Xray-core с 26.3.27 так не умеет: нужен отпечаток сертификата сервера (pcs= или pinSHA256=) либо настоящий сертификат на сервере	the key turns off certificate checks (allowInsecure or insecure), and since 26.3.27 Xray-core cannot do that: the key needs the server certificate fingerprint (pcs= or pinSHA256=), or the server needs a real certificate
проверка сертификата по отпечатку (pcs, vcn) нужна Xray-core 26.3.27 или новее, а стоит %s — обновить: byway engine tested	certificate checks by fingerprint (pcs, vcn) need Xray-core 26.3.27 or newer, and %s is installed — update: byway engine tested
mux к wireguard не применяется: у него нет потока, который можно делить	mux does not apply to wireguard: it has no stream to split
в поле «%s» ссылки управляющий знак (перевод строки, табуляция): такая ссылка подменяет поля конфига	the «%s» field of the link has a control character (newline, tab): such a link overrides config fields
диапазон портов в ключе не переносится: соединение идёт на порт %s	the port range in the key is not carried over: the connection goes to port %s
scy=%s у vmess Xray-core не знает: есть auto, aes-128-gcm, chacha20-poly1305, none, zero	Xray-core does not know scy=%s for vmess: there are auto, aes-128-gcm, chacha20-poly1305, none, zero
plugin у shadowsocks не переносится: Xray-core плагины не запускает, сервер с плагином не ответит	the shadowsocks plugin is not carried over: Xray-core does not run plugins, and a server with a plugin will not answer
не отвечает	not responding
трафик не проходит	traffic does not pass
не выдаёт адрес	gives no address
адрес IPv6 в ключе не поддержан: %s — нужен IPv4 или имя	an IPv6 address in the key is not supported: %s — use IPv4 or a name
aid у vmess — не число: %s	vmess aid is not a number: %s
ss-ссылка не разобралась	the ss link could not be parsed
flow=%s у trojan Xray-core не поддерживает — пропущен	Xray-core does not support flow=%s for trojan — skipped
ключей автовыбора нет (byway.main.node_urls) — проверять нечего	no auto-select keys (byway.main.node_urls) — nothing to check
ключ %s %s	key %s %s
работают %s из %s	%s of %s work
ключ пропущен: %s	key skipped: %s
правила firewall для помеченного трафика нет	there is no firewall rule for marked traffic
гостевые и другие зоны с input REJECT остаются без туннеля; byway заводит правило заново при подъёме перехвата: /etc/init.d/byway restart	guest and other zones with input REJECT are left without the tunnel; byway recreates the rule when interception comes up: /etc/init.d/byway restart
правила firewall для помеченного трафика не было — заведено заново	the firewall rule for marked traffic was missing — created again
в ключе отключена проверка сертификата (allowInsecure): соединение может подменить любой на пути. Для своего сервера с самоподписанным сертификатом: uci set byway.main.allow_insecure=1 && uci commit byway && /etc/init.d/byway reload	the key turns off the certificate check (allowInsecure): anyone on the path can tamper with the connection. For your own server with a self-signed certificate: uci set byway.main.allow_insecure=1 && uci commit byway && /etc/init.d/byway reload
ключ vless или trojan без TLS к публичному адресу: ключ и трафик видны любому на пути. Нужен ключ с security=tls или reality; разрешить всё же: uci set byway.main.allow_insecure=1 && uci commit byway && /etc/init.d/byway reload	a vless or trojan key without TLS to a public address: the key and the traffic are visible to anyone on the path. A key with security=tls or reality is needed; to allow it anyway: uci set byway.main.allow_insecure=1 && uci commit byway && /etc/init.d/byway reload
движок вернулся -- перехват поднят, запрет «не пускать мимо VPN» снят	the core is back -- interception is up, the "no traffic outside the VPN" block is lifted
движок вернулся, но перехват не поднялся -- запрет «не пускать мимо VPN» остаётся	the core is back, but interception did not come up -- the "no traffic outside the VPN" block stays
выгрузить настройки без ключа от VPN; --with-key — с ключом	export the settings without the VPN key; --with-key — with the key
ИМЯ	NAME
служба не работает (выключена или нет ключа) — ядро заменено без проверки туннеля: Xray %s	the service is not running (disabled or no key) — the core was replaced without a tunnel check: Xray %s
ядро на месте: Xray %s	the core is in place: Xray %s
на флеше свободно %s МБ, ядру нужно %s — ничего не тронуто	%s MB free on flash, the core needs %s — nothing was touched
ядра нет — ставится Xray %s	no core — installing Xray %s
ядро не запускается на этом железе — удалено	the core does not run on this hardware — removed
запуск службы	starting the service
  поставить: byway engine restore	  install: byway engine restore
движок поставлен: %s (прежнего не было)	core installed: %s (there was none before)
уже идёт другая задача — дождаться её конца	another task is already running — wait for it to finish
задача запущена: byway %s	task started: byway %s
конец	done
… идёт	… in progress
byway job update|engine [ВЕРСИЯ]|log	byway job update|engine [VERSION]|log
byway watch: ядра нет -- byway engine restore в фоне	byway watch: no core -- byway engine restore in the background
  GitHub не ответил ни через туннель, ни напрямую, ни по адресам из DoH — проверить связь роутера и повторить	  GitHub did not answer through the tunnel, directly or at addresses from DoH — check the router's connection and retry
xmux        не ограничивает соединения: ядро собрано на Go 1.27, см. byway doctor\n	xmux        does not limit connections: the core is built with Go 1.27, see byway doctor\n
xmux не ограничивает соединения: ядро собрано на Go 1.27	xmux does not limit connections: the core is built with Go 1.27
своя сборка	custom build
своя сборка ядра — только из /tmp: на флеше рядом с ядром ей нет места	a custom core build is taken only from /tmp: there is no room for it on flash next to the core
нет файла %s	no such file: %s
в %s нет ядра xray — нужен .gz с бинарником или .zip выпуска	%s holds no xray core — a .gz with the binary or a release .zip is needed
своя сборка: %s, sha256 ядра %s	custom build: %s, core sha256 %s
при сбое сервера xhttp открывает сотни соединений: память роутера, риск блокировки адреса. Ядро с -tags http2legacy: docs/engine.md, «Ядро на Go 1.27»	when the server fails, xhttp opens hundreds of connections: router memory, risk of the address being blocked. A core built with -tags http2legacy: docs/engine.en.md, "Engine built with Go 1.27"
ключ не разобрался: сбой разборщика (ucode)	the key could not be parsed: the parser (ucode) failed
есть ucode (разбор ключей)	ucode is present (key parsing)
нет ucode — ключи не разбираются	no ucode — keys cannot be parsed
движок работает от root	the engine runs as root
движок работает не от root (пользователь byway)	the engine runs as a non-root user (byway)
права не урезаны: нет /sbin/ujail (пакет procd-ujail) либо задано byway.main.xray_root=1	privileges are not reduced: no /sbin/ujail (procd-ujail package) or byway.main.xray_root=1 is set
